Prefecture,First_Bloom,Full_Bloom,Final_Bloom
Aichi,2018-03-19,2018-03-27,2018-04-03
Akita,2018-04-14,2018-04-19,2018-04-26
Aomori,2018-04-18,2018-04-23,2018-04-30
Chiba,2018-03-20,2018-03-28,2018-04-04
Ehime,2018-03-19,2018-03-27,2018-04-03
Fukui,2018-03-30,2018-04-01,2018-04-08
Fukuoka,2018-03-19,2018-03-27,2018-04-03
Fukushima,2018-03-31,2018-04-03,2018-04-10
Gifu,2018-03-19,2018-03-26,2018-04-02
Gunma,2018-03-25,2018-03-28,2018-04-04
Hiroshima,2018-03-22,2018-03-28,2018-04-04
Hokkaido,2018-04-28,2018-05-02,2018-05-09
Hyogo,2018-03-23,2018-03-29,2018-04-05
Ibaraki,2018-03-25,2018-03-28,2018-04-04
Ishikawa,2018-03-29,2018-04-01,2018-04-08
Iwate,2018-04-16,2018-04-21,2018-04-28
Kagawa,2018-03-24,2018-03-29,2018-04-05
Kagoshima,2018-03-17,2018-03-29,2018-04-05
Kanagawa,2018-03-19,2018-03-27,2018-04-03
Kochi,2018-03-15,2018-03-19,2018-03-26
Kumamoto,2018-03-17,2018-03-26,2018-04-02
Kyoto,2018-03-22,2018-03-28,2018-04-04
Mie,2018-03-26,2018-03-29,2018-04-05
Miyagi,2018-04-01,2018-04-07,2018-04-14
Miyazaki,2018-03-16,2018-03-26,2018-04-02
Nagano,2018-04-04,2018-04-09,2018-04-16
Nagasaki,2018-03-17,2018-03-26,2018-04-02
Nara,2018-03-24,2018-03-28,2018-04-04
Niigata,2018-04-05,2018-04-09,2018-04-16
Oita,2018-03-23,2018-03-29,2018-04-05
Okayama,2018-03-25,2018-03-28,2018-04-04
Okinawa,2018-01-10,2018-01-30,2018-02-06
Osaka,2018-03-20,2018-03-26,2018-04-02
Saga,2018-03-20,2018-03-27,2018-04-03
Saitama,2018-03-22,2018-03-26,2018-04-02
Shiga,2018-03-27,2018-03-30,2018-04-06
Shimane,2018-03-26,2018-04-01,2018-04-08
Shizuoka,2018-03-18,2018-03-27,2018-04-03
Tochigi,2018-03-26,2018-03-29,2018-04-05
Tokushima,2018-03-23,2018-03-28,2018-04-04
Tokyo,2018-03-17,2018-03-24,2018-03-31
Tottori,2018-03-24,2018-03-28,2018-04-04
Toyama,2018-03-27,2018-03-30,2018-04-06
Wakayama,2018-03-20,2018-03-27,2018-04-03
Yamagata,2018-04-09,2018-04-13,2018-04-20
Yamaguchi,2018-03-23,2018-03-30,2018-04-06
Yamanashi,2018-03-23,2018-03-28,2018-04-04